INSERT INTO ricercatore (id, nome, cognome) VALUES (1, 'Amelia', 'Buck');
INSERT INTO ricercatore (id, nome, cognome) VALUES (2, 'Lauren', 'Burton');
INSERT INTO ricercatore (id, nome, cognome) VALUES (3, 'Victoria', 'Page');
INSERT INTO ricercatore (id, nome, cognome) VALUES (4, 'Rosa', 'Dunn');
INSERT INTO ricercatore (id, nome, cognome) VALUES (5, 'Haroon', 'Franklin');
INSERT INTO ricercatore (id, nome, cognome) VALUES (6, 'George', 'Berry');
INSERT INTO ricercatore (id, nome, cognome) VALUES (7, 'Lucas', 'Johnston');
INSERT INTO ricercatore (id, nome, cognome) VALUES (8, 'Eric', 'Mcbride');
INSERT INTO ricercatore (id, nome, cognome) VALUES (9, 'Travis', 'Burke');
INSERT INTO ricercatore (id, nome, cognome) VALUES (10, 'Tommy', 'Rivera');

INSERT INTO teca (id, larghezza, altezza, profondita, idsala) VALUES (1, 3, 4, 5, 6);
INSERT INTO teca (id, larghezza, altezza, profondita, idsala) VALUES (2, 5, 2, 3, 5);
INSERT INTO teca (id, larghezza, altezza, profondita, idsala) VALUES (3, 2, 1.5, 2, 3);
INSERT INTO teca (id, larghezza, altezza, profondita, idsala) VALUES (4, 3, 4, 5, 4);
INSERT INTO teca (id, larghezza, altezza, profondita, idsala) VALUES (5, 6, 3, 2, 1);
INSERT INTO teca (id, larghezza, altezza, profondita, idsala) VALUES (6, 3, 3, 3, 2);
INSERT INTO teca (id, larghezza, altezza, profondita, idsala) VALUES (7, 3, 5, 4, 6);
INSERT INTO teca (id, larghezza, altezza, profondita, idsala) VALUES (8, 4, 6, 3, 1);
INSERT INTO teca (id, larghezza, altezza, profondita, idsala) VALUES (9, 2, 4, 5, 6);
INSERT INTO teca (id, larghezza, altezza, profondita, idsala) VALUES (10, 3, 2, 5, 4);

INSERT INTO dipendente (id, nome, cognome, psw, responsabileSala, idSala) VALUES (1, 'Alessio', 'Pelizzoni', '1234', 0, 4);
INSERT INTO dipendente (id, nome, cognome, psw, responsabileSala, idSala) VALUES (2, 'Paolo', 'Rossi', 'paolo', 1, 4);
INSERT INTO dipendente (id, nome, cognome, psw, responsabileSala, idSala) VALUES (3, 'Daniele', 'Pelizzoni', 'dani', 0, 6);
INSERT INTO dipendente (id, nome, cognome, psw, responsabileSala, idSala) VALUES (4, 'Marco', 'Oliveri', '4444', 1, 9);
INSERT INTO dipendente (id, nome, cognome, psw, responsabileSala, idSala) VALUES (4, 'Marco', 'Oliveri', '4444', 1, 5);
INSERT INTO dipendente (id, nome, cognome, psw, responsabileSala, idSala) VALUES (5, 'Giulio', 'Pastorino', '55555', 1, 3);
INSERT INTO dipendente (id, nome, cognome, psw, responsabileSala, idSala) VALUES (6, 'Lorenzo', 'Pastorino', 'lorepasto', 0, 1);
INSERT INTO dipendente (id, nome, cognome, psw, responsabileSala, idSala) VALUES (7, 'Alessio', 'Oliveri', '666666', 0, 2);
INSERT INTO dipendente (id, nome, cognome, psw, responsabileSala, idSala) VALUES (8, 'Ercole', 'Rossi', '12345', 0, 3);
INSERT INTO dipendente (id, nome, cognome, psw, responsabileSala, idSala) VALUES (9, 'Marco', 'Rossi', 'rosmarco', 0, 2);
INSERT INTO dipendente (id, nome, cognome, psw, responsabileSala, idSala) VALUES (10, 'Alessio', 'Pastorino', 'alepasto', 1, 1);

INSERT INTO sala (id, periodo) VALUES (1, 'Giurassico');
INSERT INTO sala (id, periodo) VALUES (2, 'Cretacico');
INSERT INTO sala (id, periodo) VALUES (3, 'Triassico');
INSERT INTO sala (id, periodo) VALUES (4, 'Carbonifero');
INSERT INTO sala (id, periodo) VALUES (5, 'Permiano');
INSERT INTO sala (id, periodo) VALUES (6, 'Cambriano');

INSERT INTO luogo (id, continente, stato) VALUES (1, 'America', 'Messico');
INSERT INTO luogo (id, continente, stato) VALUES (2, 'Oceania', 'Australia');
INSERT INTO luogo (id, continente, stato) VALUES (3, 'Asia', 'Mongolia');
INSERT INTO luogo (id, continente, stato) VALUES (4, 'Asia', 'Giappone');
INSERT INTO luogo (id, continente, stato) VALUES (5, 'America', 'Peru');
INSERT INTO luogo (id, continente, stato) VALUES (6, 'Europa', 'Spagna');
INSERT INTO luogo (id, continente, stato) VALUES (7, 'Oceania', 'Filippine');
INSERT INTO luogo (id, continente, stato) VALUES (8, 'Africa', 'Etiopia'); 
